Name,Type,Azimuth,Profile,Tilt,Width (m),Height (m),Capture Area (m2),Efficiency
E1,FACADE,90,BACKED,90,5.7912,2.8448,16.47480576,0.22
E3,FACADE,90,BACKED,90,4.8768,2.8448,13.87352064,0.22
E5,FACADE,90,BACKED,90,4.8768,2.8448,13.87352064,0.22
E6,FACADE,90,BACKED,90,5.7404,2.8448,16.33028992,0.22
W1,FACADE,270,BACKED,90,5.7912,2.8448,16.47480576,0.22
W3,FACADE,270,BACKED,90,4.8768,2.8448,13.87352064,0.22
W5,FACADE,270,BACKED,90,4.8768,2.8448,13.87352064,0.22
W6,FACADE,270,BACKED,90,5.7404,2.8448,16.33028992,0.22
